observation_id,outcome_group,community_taxon_rank,photo_count,project_count,history_id_count,current_id_count,withdrawn_id_count,owner_history_count,external_history_count,first_owner_rank,final_owner_rank,owner_rank_changed,first_external_rank,first_external_category,first_external_disagreement,first_species_by,first_species_current,historical_maverick,historical_disagreement,hours_post_to_first_owner,hours_post_to_first_external,hours_post_to_first_species,hours_post_to_first_external_species,hours_owner_to_first_external
256950389,species,species,1,0,2,2,0,1,1,species,species,False,species,supporting,False,owner,True,False,False,0.0,24.69,0.0,24.69,24.69
257028305,none,,4,0,1,1,0,1,0,species,species,False,,,,owner,True,False,False,0.0,,0.0,,
257028323,none,,2,0,1,1,0,1,0,species,species,False,,,,owner,True,False,False,0.0,,0.0,,
257037617,none,,2,0,1,1,0,1,0,species,species,False,,,,owner,True,False,False,0.0,,0.0,,
257043066,none,,3,0,1,1,0,1,0,species,species,False,,,,owner,True,False,False,0.0,,0.0,,
257043489,species,species,4,0,4,4,0,1,3,species,species,False,species,supporting,False,owner,True,False,False,0.0,0.03,0.0,0.03,0.03
257049957,genus,genus,1,0,2,2,0,1,1,species,species,False,genus,improving,True,owner,True,False,True,0.0,23.79,0.0,,23.79
257150061,genus,genus,1,0,2,2,0,1,1,genus,genus,False,species,leading,False,external,True,False,False,0.0,1662.37,1662.37,1662.37,1662.37
257153966,species,species,2,0,3,3,0,1,2,species,species,False,species,supporting,False,owner,True,False,False,0.0,2.22,0.0,2.22,2.22
257156193,species,species,2,0,3,3,0,1,2,species,species,False,species,supporting,False,owner,True,False,False,0.0,1.59,0.0,1.59,1.59
257197588,species,species,4,0,2,2,0,1,1,species,species,False,species,supporting,False,owner,True,False,False,0.0,52.47,0.0,52.47,52.47
257198792,species,species,1,0,3,3,0,1,2,species,species,False,class,improving,,owner,True,False,False,19.06,3.22,19.06,22.21,-15.85
257293866,genus,genus,1,0,2,2,0,1,1,genus,genus,False,species,leading,False,external,True,False,False,0.0,1.22,1.22,1.22,1.22
257308742,none,,2,0,1,1,0,1,0,species,species,False,,,,owner,True,False,False,0.0,,0.0,,
257342310,species,species,1,0,2,2,0,1,1,species,species,False,species,supporting,False,owner,True,False,False,0.0,0.77,0.0,0.77,0.77
257349695,species,species,2,0,2,2,0,1,1,species,species,False,species,supporting,False,owner,True,False,False,0.0,21.18,0.0,21.18,21.18
257360639,species,species,3,0,2,2,0,1,1,species,species,False,species,supporting,False,owner,True,False,False,0.0,5.09,0.0,5.09,5.09
257361987,species,species,5,0,2,2,0,1,1,species,species,False,species,supporting,False,owner,True,False,False,0.0,4.84,0.0,4.84,4.84
257366181,species,species,7,0,3,2,1,2,1,genus,species,True,species,improving,False,external,True,False,False,0.0,0.62,0.62,0.62,0.62
257368748,species,species,1,0,3,3,0,1,2,species,species,False,species,supporting,False,owner,True,False,False,0.0,1.28,0.0,1.28,1.28
257382091,species,species,1,0,2,2,0,1,1,species,species,False,species,supporting,False,owner,True,False,False,0.0,2999.48,0.0,2999.48,2999.48
257384934,species,species,1,0,2,2,0,1,1,species,species,False,species,supporting,False,owner,True,False,False,0.0,8834.25,0.0,8834.25,8834.25
257389692,none,,2,0,1,1,0,1,0,species,species,False,,,,owner,True,False,False,0.0,,0.0,,
257408602,genus,genus,1,0,2,2,0,1,1,genus,genus,False,species,leading,False,external,True,False,False,0.0,2.96,2.96,2.96,2.96
257454494,none,,2,0,1,1,0,1,0,family,family,False,,,,,,False,False,0.0,,,,
257476342,species,species,1,0,2,2,0,1,1,species,species,False,species,supporting,False,owner,True,False,False,0.0,0.81,0.0,0.81,0.81
257547089,species,species,1,0,3,3,0,1,2,species,species,False,species,supporting,False,owner,True,False,False,0.0,0.06,0.0,0.06,0.06
257558280,other,subfamily,1,0,2,2,0,1,1,subfamily,subfamily,False,subfamily,supporting,False,,,False,False,0.0,0.77,,,0.77
257576542,none,,6,0,1,1,0,1,0,genus,genus,False,,,,,,False,False,0.0,,,,
257651680,species,species,1,0,4,4,0,1,3,subclass,subclass,False,family,improving,False,external,True,False,False,0.0,0.26,2.78,2.78,0.26
257687135,species,species,3,0,2,2,0,1,1,species,species,False,species,supporting,False,owner,True,False,False,0.0,849.52,0.0,849.52,849.52
257690249,species,species,8,0,5,4,1,2,3,suborder,species,True,order,improving,True,external,True,True,True,0.0,2.04,10.44,10.44,2.04
257771194,species,species,1,0,4,2,2,3,1,class,species,True,species,improving,False,external,True,False,False,0.0,1.76,1.76,1.76,1.76
257885670,none,,1,0,1,1,0,1,0,genus,genus,False,,,,,,False,False,0.0,,,,
257950534,species,species,1,0,2,2,0,1,1,species,species,False,species,supporting,False,owner,True,False,False,0.0,19.61,0.0,19.61,19.61
257970027,other,family,5,0,2,2,0,1,1,family,family,False,genus,leading,False,,,False,False,0.0,156.99,,,156.99
258127646,none,,1,0,1,1,0,1,0,genus,genus,False,,,,,,False,False,0.0,,,,
258223520,species,species,1,0,4,3,1,2,2,family,genus,True,species,improving,False,external,True,False,False,0.0,0.25,0.25,0.25,0.25
258261846,species,species,3,3,2,2,0,1,1,species,species,False,species,supporting,False,owner,True,False,False,0.0,11.0,0.0,11.0,11.0
258285608,other,family,1,0,3,3,0,1,2,order,order,False,family,improving,False,,,False,False,0.0,1.05,,,1.05
258323038,species,species,1,0,5,4,1,2,3,genus,species,True,genus,supporting,False,external,True,False,False,0.0,0.77,0.96,0.96,0.77
258323843,genus,genus,4,0,3,3,0,1,2,genus,genus,False,genus,supporting,False,,,False,False,0.0,0.81,,,0.81
258337088,species,species,3,2,3,2,1,2,1,genus,species,True,species,improving,False,external,True,False,False,0.0,0.04,0.04,0.04,0.04
258343683,species,species,1,1,3,3,0,1,2,species,species,False,species,supporting,False,owner,True,False,False,0.0,0.63,0.0,0.63,0.63
258336049,species,species,3,0,2,2,0,1,1,species,species,False,species,supporting,False,owner,True,False,False,0.0,1.36,0.0,1.36,1.36
258359758,species,species,1,0,2,2,0,1,1,species,species,False,species,supporting,False,owner,True,False,False,0.0,12.33,0.0,12.33,12.33
258387487,genus,genus,4,0,5,5,0,1,4,species,species,False,genus,improving,False,owner,True,False,True,0.0,122.8,0.0,,122.8
258507575,none,,2,1,1,1,0,1,0,genus,genus,False,,,,,,False,False,0.0,,,,
258515005,none,,3,0,1,1,0,1,0,species,species,False,,,,owner,True,False,False,0.0,,0.0,,
258490756,species,species,2,0,2,2,0,1,1,species,species,False,species,supporting,False,owner,True,False,False,0.0,2.74,0.0,2.74,2.74
258581818,none,,1,0,1,1,0,1,0,genus,genus,False,,,,,,False,False,0.0,,,,
258591287,species,species,1,0,2,2,0,1,1,species,species,False,species,supporting,False,owner,True,False,False,0.0,0.03,0.0,0.03,0.03
258682869,none,,6,0,1,1,0,1,0,species,species,False,,,,owner,True,False,False,0.0,,0.0,,
258683777,species,species,8,1,2,2,0,1,1,species,species,False,species,supporting,False,owner,True,False,False,0.0,414.81,0.0,414.81,414.81
258814678,genus,genus,1,0,4,4,0,1,3,species,species,False,genus,improving,True,owner,True,True,True,0.0,10.34,0.0,,10.34
258819594,none,,2,0,1,1,0,1,0,species,species,False,,,,owner,True,False,False,0.0,,0.0,,
258881244,species,species,2,1,2,2,0,1,1,species,species,False,species,supporting,False,owner,True,False,False,0.0,405.65,0.0,405.65,405.65
258929116,species,species,4,0,3,3,0,1,2,species,species,False,species,supporting,False,owner,True,False,False,0.0,2.2,0.0,2.2,2.2
259207835,none,,1,0,1,1,0,1,0,genus,genus,False,,,,,,False,False,0.0,,,,
259223745,species,species,1,0,2,2,0,1,1,species,species,False,species,supporting,False,owner,True,False,False,0.0,14.9,0.0,14.9,14.9
259295568,species,species,1,0,3,3,0,1,2,species,species,False,species,supporting,False,owner,True,False,False,0.0,11.13,0.0,11.13,11.13
259314650,species,species,1,0,2,2,0,1,1,species,species,False,species,supporting,False,owner,True,False,False,0.0,0.35,0.0,0.35,0.35
259331458,species,species,1,0,2,2,0,1,1,species,species,False,species,supporting,False,owner,True,False,False,0.0,734.49,0.0,734.49,734.49
259350955,genus,genus,1,0,3,3,0,1,2,genus,genus,False,genus,supporting,False,,,False,False,0.0,3.72,,,3.72
259356543,species,species,1,1,3,3,0,1,2,species,species,False,species,supporting,False,owner,True,False,False,0.0,0.52,0.0,0.52,0.52
259364296,other,subtribe,1,1,2,2,0,1,1,genus,genus,False,genus,leading,True,,,False,True,0.0,17.23,,,17.23
259416984,species,species,3,0,2,2,0,1,1,species,species,False,species,supporting,False,owner,True,False,False,0.0,9168.96,0.0,9168.96,9168.96
259419924,species,species,1,0,3,3,0,1,2,genus,genus,False,species,improving,False,external,True,False,False,0.0,8097.01,8097.01,8097.01,8097.01
259504002,species,species,1,0,2,2,0,1,1,species,species,False,species,supporting,False,owner,True,False,False,0.0,83.95,0.0,83.95,83.95
259560114,species,species,2,1,3,3,0,1,2,species,species,False,species,supporting,False,owner,True,False,False,0.0,0.05,0.0,0.05,0.05
259616605,none,,3,0,1,1,0,1,0,family,family,False,,,,,,False,False,0.0,,,,
259680763,species,species,1,0,2,2,0,1,1,species,species,False,species,supporting,False,owner,True,False,False,0.0,2.09,0.0,2.09,2.09
259694318,none,,2,0,1,1,0,1,0,species,species,False,,,,owner,True,False,False,0.0,,0.0,,
259768742,none,,1,0,1,1,0,1,0,species,species,False,,,,owner,True,False,False,0.0,,0.0,,
259801373,genus,genus,2,0,3,3,0,1,2,genus,genus,False,genus,supporting,False,,,False,False,0.0,43.37,,,43.37
259915040,genus,genus,1,0,3,3,0,1,2,genus,genus,False,genus,supporting,False,,,False,False,0.0,5.03,,,5.03
259927698,species,species,1,0,2,2,0,1,1,species,species,False,species,supporting,False,owner,True,False,False,0.0,1.31,0.0,1.31,1.31
259944032,genus,genus,1,0,2,2,0,1,1,genus,genus,False,genus,supporting,False,,,False,False,0.0,4.36,,,4.36
259958012,species,species,1,0,4,3,1,2,2,genus,species,True,species,improving,False,external,True,False,False,0.0,0.35,0.35,0.35,0.35
260001878,species,species,4,0,4,3,1,2,2,genus,species,True,genus,supporting,False,external,True,False,False,0.0,0.2,18.71,18.71,0.2
260022035,other,order,2,0,2,2,0,1,1,order,order,False,species,leading,False,external,True,False,False,0.0,1.16,1.16,1.16,1.16
260073973,genus,genus,1,0,2,2,0,1,1,genus,genus,False,species,leading,False,external,True,False,False,0.0,2.59,2.59,2.59,2.59
260175815,species,species,1,0,3,3,0,1,2,family,family,False,species,improving,False,external,True,False,False,0.0,3.19,3.19,3.19,3.19
260195722,none,,0,0,1,1,0,1,0,species,species,False,,,,owner,True,False,False,0.0,,0.0,,
260269406,species,species,5,0,3,3,0,1,2,genus,genus,False,species,improving,False,external,True,False,False,0.0,0.75,0.75,0.75,0.75
260277338,other,subgenus,2,0,5,4,1,2,3,genus,subgenus,True,genus,supporting,False,,,False,False,0.0,10.11,,,10.11
260277353,species,species,1,0,2,2,0,1,1,species,species,False,species,supporting,False,owner,True,False,False,0.0,1.91,0.0,1.91,1.91
260279056,species,species,2,0,3,3,0,1,2,species,species,False,species,supporting,False,owner,True,False,False,0.0,0.5,0.0,0.5,0.5
260286474,species,species,2,0,3,3,0,1,2,genus,genus,False,species,improving,False,external,True,False,False,0.0,12.19,12.19,12.19,12.19
260318564,other,subfamily,1,0,2,2,0,1,1,species,species,False,genus,leading,True,owner,True,False,True,0.0,21.29,0.0,,21.29
260426407,species,species,2,5,3,2,1,2,1,species,species,False,species,supporting,False,owner,False,False,False,0.0,0.13,0.0,0.13,0.13
260439382,none,,1,5,2,1,1,2,0,genus,species,True,,,,owner,True,False,False,0.0,,0.07,,
260395314,genus,genus,12,0,2,2,0,1,1,genus,genus,False,genus,supporting,False,,,False,False,0.0,54.57,,,54.57
260572012,genus,genus,1,0,3,2,1,2,1,species,genus,True,genus,supporting,False,owner,False,False,False,0.0,758.05,0.0,,758.05
260612179,species,species,1,0,2,2,0,1,1,species,species,False,species,supporting,False,owner,True,False,False,0.0,2.58,0.0,2.58,2.58
260618029,none,,1,0,1,1,0,1,0,genus,genus,False,,,,,,False,False,0.0,,,,
260687860,none,,3,0,1,1,0,1,0,species,species,False,,,,owner,True,False,False,0.0,,0.0,,
260700096,species,species,1,0,4,3,1,2,2,order,species,True,species,improving,False,external,True,False,False,0.0,2.46,2.46,2.46,2.46
260703598,genus,genus,1,0,3,3,0,1,2,genus,genus,False,genus,supporting,False,,,False,False,0.0,0.25,,,0.25
260756354,other,complex,1,0,3,2,1,2,1,genus,complex,True,complex,improving,True,,,True,True,0.0,19.79,,,19.79
260801320,none,,1,0,1,1,0,1,0,tribe,tribe,False,,,,,,False,False,0.0,,,,
260803486,species,species,2,0,2,2,0,1,1,species,species,False,species,supporting,False,owner,True,False,False,0.0,3.48,0.0,3.48,3.48
260806226,none,,1,0,1,1,0,1,0,species,species,False,,,,owner,True,False,False,0.0,,0.0,,
260824086,species,species,1,0,3,3,0,1,2,species,species,False,species,supporting,False,owner,True,False,False,0.0,0.39,0.0,0.39,0.39
260828018,genus,genus,2,1,5,4,1,2,3,species,genus,True,genus,improving,True,owner,False,True,True,0.0,62.64,0.0,,62.64
260845073,other,order,1,1,2,2,0,1,1,order,order,False,family,leading,False,,,False,False,0.0,0.43,,,0.43
260868439,genus,genus,1,0,2,2,0,1,1,genus,genus,False,genus,supporting,False,,,False,False,0.0,7.08,,,7.08
260877749,other,order,2,0,5,3,2,2,3,stateofmatter,,True,stateofmatter,improving,,,,False,False,51.17,3.32,,,-47.85
260898318,species,species,1,0,3,3,0,1,2,species,species,False,species,supporting,False,owner,True,False,False,0.0,2.47,0.0,2.47,2.47
260914912,species,species,1,1,4,3,1,2,2,genus,species,True,species,improving,True,external,True,True,True,0.0,341.58,341.58,341.58,341.58
260957623,species,species,1,0,2,2,0,1,1,species,species,False,species,supporting,False,owner,True,False,False,0.0,332.96,0.0,332.96,332.96
260973439,species,species,1,0,2,2,0,1,1,species,species,False,species,supporting,False,owner,True,False,False,0.0,0.57,0.0,0.57,0.57
261023566,genus,genus,4,0,2,2,0,1,1,genus,genus,False,complex,leading,False,,,False,False,0.0,11552.15,,,11552.15
261089362,species,species,2,0,2,2,0,1,1,species,species,False,species,supporting,False,owner,True,False,False,0.0,121.75,0.0,121.75,121.75
261090198,none,,1,0,1,1,0,1,0,tribe,tribe,False,,,,,,False,False,0.0,,,,
261187447,species,species,1,0,2,2,0,1,1,species,species,False,species,supporting,False,owner,True,False,False,0.0,1.16,0.0,1.16,1.16
261197864,species,species,1,3,2,2,0,1,1,species,species,False,species,supporting,False,owner,True,False,False,0.0,0.2,0.0,0.2,0.2
261222749,other,complex,1,0,3,3,0,1,2,family,family,False,complex,improving,False,,,False,False,0.0,24.46,,,24.46
261298822,species,species,3,0,3,2,1,2,1,genus,species,True,species,improving,False,external,True,False,False,0.0,12733.39,12733.39,12733.39,12733.39
261318262,other,complex,1,0,3,2,1,2,1,genus,complex,True,complex,improving,False,,,False,False,0.0,12672.94,,,12672.94
261415063,genus,genus,1,0,2,2,0,1,1,genus,genus,False,genus,supporting,False,,,False,False,0.0,456.6,,,456.6
261429609,species,species,2,0,3,3,0,1,2,genus,genus,False,species,improving,False,external,True,False,False,0.0,10.22,10.22,10.22,10.22
261543375,species,species,1,0,2,2,0,1,1,species,species,False,species,supporting,False,owner,True,False,False,0.0,4.56,0.0,4.56,4.56
261580323,species,species,3,0,5,3,2,2,3,family,species,True,genus,improving,False,owner,True,False,False,0.0,0.52,2.2,2.62,0.52
261606235,species,species,4,0,2,2,0,1,1,species,species,False,species,supporting,False,owner,True,False,False,0.0,33.87,0.0,33.87,33.87
261633501,species,species,1,1,2,2,0,1,1,species,species,False,species,supporting,False,owner,True,False,False,0.0,275.17,0.0,275.17,275.17
261731522,species,species,1,0,5,4,1,2,3,genus,species,True,species,improving,False,external,True,False,False,0.0,0.49,0.49,0.49,0.49
261737148,species,species,3,0,3,3,0,1,2,species,species,False,species,supporting,False,owner,True,False,False,0.0,0.03,0.0,0.03,0.03
261754628,species,species,1,0,2,2,0,1,1,species,species,False,species,supporting,False,owner,True,False,False,0.0,20.46,0.0,20.46,20.46
261770522,species,species,1,0,2,2,0,1,1,species,species,False,species,supporting,False,owner,True,False,False,0.0,159.12,0.0,159.12,159.12
261818591,species,species,1,2,3,2,1,2,1,genus,species,True,species,improving,False,external,True,False,False,0.0,1.67,1.67,1.67,1.67
261984876,genus,genus,1,0,4,4,0,1,3,genus,genus,False,genus,supporting,False,,,False,False,0.0,0.93,,,0.93
261986070,none,,1,0,1,1,0,1,0,family,family,False,,,,,,False,False,0.0,,,,
261999633,species,species,1,0,4,4,0,1,3,species,species,False,species,supporting,False,owner,True,False,False,0.0,1.98,0.0,1.98,1.98
262043880,none,,4,0,1,1,0,1,0,genus,genus,False,,,,,,False,False,0.0,,,,
262109393,genus,genus,3,0,3,3,0,1,2,genus,genus,False,genus,supporting,False,,,False,False,0.0,10.86,,,10.86
262130786,genus,genus,1,0,2,2,0,1,1,species,species,False,genus,improving,True,owner,True,False,True,0.0,5565.65,0.0,,5565.65
262144062,genus,genus,1,0,2,2,0,1,1,genus,genus,False,genus,supporting,False,,,False,False,0.0,0.01,,,0.01
262242678,none,,3,0,2,1,1,2,0,tribe,species,True,,,,owner,True,False,False,0.0,,1407.61,,
262322064,species,species,5,0,2,2,0,1,1,species,species,False,species,supporting,False,owner,True,False,False,0.0,9.02,0.0,9.02,9.02
262344969,none,,1,0,1,1,0,1,0,subfamily,subfamily,False,,,,,,False,False,0.0,,,,
262354101,other,tribe,1,0,4,2,2,3,1,genus,tribe,True,tribe,improving,False,,,False,False,0.0,8.31,,,8.31
262359156,none,,1,0,1,1,0,1,0,family,family,False,,,,,,False,False,0.0,,,,
262463228,none,,3,0,1,1,0,1,0,genus,genus,False,,,,,,False,False,0.0,,,,
262496842,species,species,1,1,6,3,3,3,3,species,species,True,family,maverick,True,owner,False,True,True,0.0,4.91,0.0,10252.58,4.91
262574994,none,,2,0,1,1,0,1,0,genus,genus,False,,,,,,False,False,0.0,,,,
262576304,species,species,2,0,2,2,0,1,1,species,species,False,species,supporting,False,owner,True,False,False,0.0,2.81,0.0,2.81,2.81
262619671,species,species,1,0,3,2,1,2,1,genus,species,True,species,improving,False,external,True,False,False,0.0,0.07,0.07,0.07,0.07
262649724,species,species,1,0,2,2,0,1,1,species,species,False,species,supporting,False,owner,True,False,False,0.0,3.71,0.0,3.71,3.71
262723481,other,tribe,3,1,5,4,1,1,4,family,family,False,tribe,improving,False,,,False,False,0.0,0.76,,,0.76
262726846,genus,genus,1,0,2,2,0,1,1,genus,genus,False,genus,supporting,False,,,False,False,0.0,1.2,,,1.2
262797591,species,species,2,0,2,2,0,1,1,species,species,False,species,supporting,False,owner,True,False,False,0.0,0.48,0.0,0.48,0.48
262803647,species,species,1,0,3,3,0,1,2,genus,genus,False,species,improving,False,external,True,False,False,0.0,0.14,0.14,0.14,0.14
262817326,species,species,1,0,4,3,1,2,2,genus,species,True,species,improving,False,external,True,False,False,0.0,0.7,0.7,0.7,0.7
262851221,genus,genus,1,0,2,2,0,1,1,genus,genus,False,genus,supporting,False,,,False,False,0.0,47.1,,,47.1
262867112,species,species,2,0,2,2,0,1,1,species,species,False,species,supporting,False,owner,True,False,False,0.0,1.57,0.0,1.57,1.57
262868896,species,species,3,0,3,3,0,1,2,genus,genus,False,species,improving,False,external,True,False,False,0.0,7.93,7.93,7.93,7.93
263000387,none,,1,0,1,1,0,1,0,tribe,tribe,False,,,,,,False,False,0.0,,,,
263096544,genus,genus,4,0,3,3,0,1,2,genus,genus,False,genus,supporting,False,,,False,False,0.0,1.29,,,1.29
263096868,species,species,2,0,2,2,0,1,1,species,species,False,species,supporting,False,owner,True,False,False,0.0,3.36,0.0,3.36,3.36
263107724,none,,2,0,1,1,0,1,0,species,species,False,,,,owner,True,False,False,0.0,,0.0,,
263134452,species,species,1,0,2,2,0,1,1,species,species,False,species,supporting,False,owner,True,False,False,0.0,3.92,0.0,3.92,3.92
263145951,species,species,1,0,3,3,0,1,2,species,species,False,species,supporting,False,owner,True,False,False,0.0,0.02,0.0,0.02,0.02
263148759,species,species,1,0,3,3,0,1,2,species,species,False,species,supporting,False,owner,True,False,False,0.0,0.09,0.0,0.09,0.09
263356841,other,tribe,1,0,2,2,0,1,1,tribe,tribe,False,species,leading,False,external,True,False,False,0.0,1973.91,1973.91,1973.91,1973.91
263370643,genus,genus,14,0,4,3,1,2,2,tribe,genus,True,genus,improving,True,,,True,True,0.0,0.25,,,0.25
263399498,species,species,1,0,2,2,0,1,1,species,species,False,species,supporting,False,owner,True,False,False,0.0,0.02,0.0,0.02,0.02
263436997,none,,1,0,2,1,1,2,0,genus,species,True,,,,owner,True,False,False,0.0,,742.99,,
263467514,species,species,1,0,6,4,2,2,4,subtribe,species,True,genus,improving,False,external,True,False,False,0.0,2.22,46.14,46.14,2.22
263474362,none,,5,0,1,1,0,1,0,genus,genus,False,,,,,,False,False,0.0,,,,
263488652,species,species,1,0,2,2,0,1,1,species,species,False,species,supporting,False,owner,True,False,False,0.0,1.95,0.0,1.95,1.95
263620113,none,,4,0,2,1,1,1,1,genus,,False,genus,leading,True,,,False,True,0.0,13.85,,,13.85
263621287,species,species,2,0,2,2,0,1,1,species,species,False,species,supporting,False,owner,True,False,False,0.0,13.68,0.0,13.68,13.68
263636509,none,,1,0,1,1,0,1,0,genus,genus,False,,,,,,False,False,0.0,,,,
263651200,none,,20,0,1,1,0,1,0,species,species,False,,,,owner,True,False,False,0.0,,0.0,,
263657079,species,species,2,0,8,5,3,4,4,genus,species,True,genus,supporting,False,owner,False,False,False,0.0,2.04,0.65,28.65,2.04
263675508,species,species,1,0,2,2,0,1,1,species,species,False,species,supporting,False,owner,True,False,False,0.0,5.78,0.0,5.78,5.78
263758248,genus,genus,6,0,2,2,0,1,1,genus,genus,False,genus,supporting,False,,,False,False,0.0,133.13,,,133.13
263781977,species,species,3,0,2,2,0,1,1,species,species,False,species,supporting,False,owner,True,False,False,0.0,0.33,0.0,0.33,0.33
263782864,species,species,5,0,2,2,0,1,1,species,species,False,species,supporting,False,owner,True,False,False,0.0,408.86,0.0,408.86,408.86
263855429,species,species,1,0,3,3,0,1,2,species,species,False,species,supporting,False,owner,True,False,False,0.0,80.02,0.0,80.02,80.02
263855438,none,,1,0,1,1,0,1,0,subtribe,subtribe,False,,,,,,False,False,0.0,,,,
264023438,species,species,1,0,5,5,0,1,4,order,order,False,genus,improving,False,external,True,False,False,0.0,7.53,16.15,16.15,7.53
264037849,genus,genus,3,0,4,3,1,0,4,,,False,family,maverick,,,,True,False,,0.93,,,
264117364,genus,genus,1,0,2,2,0,1,1,species,species,False,genus,improving,True,owner,True,False,True,0.0,1.13,0.0,,1.13
264139835,species,species,1,0,2,2,0,1,1,species,species,False,species,supporting,False,owner,True,False,False,0.0,0.63,0.0,0.63,0.63
264158504,genus,genus,14,1,3,3,0,1,2,family,family,False,genus,improving,False,external,True,False,False,0.0,4.14,11.14,11.14,4.14
264343413,none,,3,0,1,1,0,1,0,tribe,tribe,False,,,,,,False,False,0.0,,,,
264494740,species,species,1,0,2,2,0,1,1,species,species,False,species,supporting,False,owner,True,False,False,0.0,187.07,0.0,187.07,187.07
264721195,species,species,1,0,4,4,0,1,3,species,species,False,species,supporting,False,owner,True,False,False,0.0,0.08,0.0,0.08,0.08
264845400,species,species,1,1,3,2,1,2,1,genus,species,True,species,supporting,False,owner,True,False,False,0.0,1.61,0.25,1.61,1.61
264980952,species,species,1,0,2,2,0,1,1,species,species,False,species,supporting,False,owner,True,False,False,0.0,5009.76,0.0,5009.76,5009.76
264989323,other,subfamily,7,0,2,2,0,1,1,subfamily,subfamily,False,subtribe,leading,False,,,False,False,0.0,78.31,,,78.31
265300422,none,,2,0,1,1,0,1,0,subfamily,subfamily,False,,,,,,False,False,0.0,,,,
265346198,species,species,1,0,2,2,0,1,1,species,species,False,species,supporting,False,owner,True,False,False,0.0,3.63,0.0,3.63,3.63
265349303,species,species,1,1,2,2,0,1,1,species,species,False,species,supporting,False,owner,True,False,False,0.0,2.96,0.0,2.96,2.96
265401547,genus,genus,2,0,4,3,1,2,2,tribe,genus,True,genus,improving,False,,,False,False,0.0,1.21,,,1.21
265525189,genus,genus,2,0,2,2,0,1,1,genus,genus,False,species,leading,False,external,True,False,False,0.0,67.48,67.48,67.48,67.48
265571348,species,species,8,0,4,4,0,1,3,genus,genus,False,genus,supporting,False,external,True,False,False,6.79,12.2,24.36,24.36,5.41
265611291,species,species,1,0,3,2,1,2,1,family,species,True,species,supporting,False,owner,True,False,False,0.0,0.33,0.01,0.33,0.33
265633553,genus,genus,3,0,4,3,1,2,2,family,genus,True,genus,improving,False,,,False,False,0.0,1.45,,,1.45
265646892,genus,genus,2,1,2,2,0,1,1,genus,genus,False,complex,leading,False,,,False,False,0.0,0.16,,,0.16
265788651,species,species,2,0,2,2,0,1,1,species,species,False,species,supporting,False,owner,True,False,False,0.0,0.75,0.0,0.75,0.75
265804636,species,species,1,0,3,3,0,1,2,genus,genus,False,species,improving,False,external,True,False,False,0.0,2.62,2.62,2.62,2.62
265876178,species,species,2,0,2,2,0,1,1,species,species,False,species,supporting,False,owner,True,False,False,0.0,11.98,0.0,11.98,11.98
266030360,species,species,1,1,3,3,0,1,2,genus,genus,False,species,improving,False,external,True,False,False,0.0,1.45,1.45,1.45,1.45
266079729,none,,1,0,1,1,0,1,0,species,species,False,,,,owner,True,False,False,0.0,,0.0,,
266235924,other,tribe,1,0,2,2,0,0,2,,,False,tribe,improving,,,,False,False,,2.79,,,
266371059,species,species,1,0,2,2,0,1,1,species,species,False,species,supporting,False,owner,True,False,False,0.0,8.19,0.0,8.19,8.19
266375189,other,family,1,0,2,2,0,1,1,family,family,False,species,leading,False,external,True,False,False,0.0,41.53,41.53,41.53,41.53
266466854,other,family,3,0,3,2,1,2,1,class,family,True,genus,leading,False,,,False,False,0.0,12.88,,,12.88
266473708,species,species,1,0,2,2,0,1,1,species,species,False,species,supporting,False,owner,True,False,False,0.0,5.12,0.0,5.12,5.12
266535149,species,species,1,0,2,2,0,1,1,species,species,False,species,supporting,False,owner,True,False,False,0.0,3.08,0.0,3.08,3.08
266591481,none,,6,0,1,1,0,1,0,species,species,False,,,,owner,True,False,False,0.0,,0.0,,
266709142,genus,genus,1,2,2,2,0,1,1,genus,genus,False,species,leading,False,external,True,False,False,0.0,12.8,12.8,12.8,12.8
266583264,other,tribe,1,0,2,2,0,1,1,genus,genus,False,genus,leading,True,,,False,True,0.0,52.18,,,52.18
266709032,species,species,1,0,3,3,0,1,2,species,species,False,species,supporting,False,owner,True,False,False,0.0,0.6,0.0,0.6,0.6
266735005,species,species,1,0,3,2,1,2,1,genus,species,True,species,improving,False,external,True,False,False,0.0,1.85,1.85,1.85,1.85
266748085,species,species,3,0,3,3,0,1,2,genus,genus,False,species,improving,False,external,True,False,False,0.0,0.95,0.95,0.95,0.95
266767751,species,species,5,0,2,2,0,1,1,species,species,False,species,supporting,False,owner,True,False,False,0.0,0.07,0.0,0.07,0.07
266840191,other,tribe,1,0,2,2,0,1,1,tribe,tribe,False,complex,leading,False,,,False,False,0.0,2.5,,,2.5
266852886,species,species,11,0,2,2,0,1,1,species,species,False,species,supporting,False,owner,True,False,False,0.0,4114.89,0.0,4114.89,4114.89
266886872,species,species,1,0,3,3,0,1,2,genus,genus,False,species,improving,False,external,True,False,False,0.0,274.14,274.14,274.14,274.14
266915638,species,species,3,0,2,2,0,1,1,species,species,False,species,supporting,False,owner,True,False,False,0.0,1.09,0.0,1.09,1.09
266949103,species,species,1,0,4,4,0,1,3,species,species,False,species,improving,True,owner,True,True,True,0.0,0.71,0.0,0.71,0.71
266958341,species,species,1,0,3,3,0,1,2,species,species,False,species,supporting,False,owner,True,False,False,0.0,0.65,0.0,0.65,0.65
266998022,other,tribe,4,0,2,2,0,1,1,tribe,tribe,False,species,leading,False,external,True,False,False,0.0,1.33,1.33,1.33,1.33
267044097,species,species,5,0,4,4,0,1,3,subclass,subclass,False,genus,improving,False,external,True,False,False,0.0,6.54,4100.97,4100.97,6.54
267104740,genus,genus,1,0,2,2,0,1,1,genus,genus,False,species,leading,False,external,True,False,False,0.0,7010.13,7010.13,7010.13,7010.13
267127713,none,,1,0,1,1,0,1,0,tribe,tribe,False,,,,,,False,False,0.0,,,,
267139031,species,species,4,1,2,2,0,1,1,species,species,False,species,supporting,False,owner,True,False,False,0.0,0.19,0.0,0.19,0.19
267142320,species,species,3,1,2,2,0,1,1,species,species,False,species,supporting,False,owner,True,False,False,0.02,0.33,0.02,0.33,0.31
267182059,none,,3,0,1,1,0,1,0,genus,genus,False,,,,,,False,False,0.0,,,,
267222551,species,species,1,0,3,3,0,1,2,genus,genus,False,species,improving,False,external,True,False,False,0.0,1.4,1.4,1.4,1.4
267224988,genus,genus,1,1,2,2,0,1,1,genus,genus,False,species,leading,False,external,True,False,False,0.0,177.87,177.87,177.87,177.87
267247085,none,,1,0,1,1,0,1,0,subfamily,subfamily,False,,,,,,False,False,0.0,,,,
267364044,species,species,1,1,4,3,1,1,3,genus,,False,species,improving,False,external,True,False,False,0.0,2.86,2.86,2.86,2.86
267384667,other,tribe,1,0,4,4,0,1,3,order,order,False,subfamily,improving,False,,,False,False,0.0,23.32,,,23.32
267407165,other,family,4,0,2,2,0,0,2,,,False,family,improving,,external,True,False,False,,6.22,22.45,22.45,
267431504,none,,1,0,1,1,0,1,0,genus,genus,False,,,,,,False,False,0.0,,,,
267456251,species,species,4,0,2,2,0,1,1,species,species,False,species,supporting,False,owner,True,False,False,0.0,0.84,0.0,0.84,0.84
267517738,species,species,3,0,3,3,0,1,2,genus,genus,False,species,improving,False,external,True,False,False,0.0,0.36,0.36,0.36,0.36
267580891,species,species,2,0,2,2,0,1,1,species,species,False,species,supporting,False,owner,True,False,False,0.0,1.46,0.0,1.46,1.46
267679429,species,species,1,0,2,2,0,1,1,species,species,False,species,supporting,False,owner,True,False,False,0.0,127.21,0.0,127.21,127.21
267686079,species,species,1,1,2,2,0,1,1,species,species,False,species,supporting,False,owner,True,False,False,0.0,40.97,0.0,40.97,40.97
267800034,other,subfamily,1,0,2,2,0,1,1,genus,genus,False,tribe,leading,True,,,False,True,0.0,36.07,,,36.07
267878796,species,species,2,0,2,2,0,1,1,species,species,False,species,supporting,False,owner,True,False,False,0.0,3.2,0.0,3.2,3.2
267882296,genus,genus,1,0,4,3,1,2,2,order,genus,True,family,improving,False,,,False,False,0.0,0.47,,,0.47
267923976,species,species,1,0,3,2,1,2,1,species,species,False,species,improving,True,owner,False,True,True,0.0,0.62,0.0,0.62,0.62
267926948,species,species,1,0,2,2,0,1,1,species,species,False,species,supporting,False,owner,True,False,False,0.0,0.88,0.0,0.88,0.87
267941539,none,,3,0,1,1,0,1,0,genus,genus,False,,,,,,False,False,0.0,,,,
268275121,none,,1,0,1,1,0,1,0,species,species,False,,,,owner,True,False,False,0.0,,0.0,,
268384596,other,tribe,1,0,2,2,0,1,1,tribe,tribe,False,tribe,supporting,False,,,False,False,0.0,2.38,,,2.38
268396718,species,species,3,0,2,2,0,1,1,species,species,False,species,supporting,False,owner,True,False,False,0.0,1.03,0.0,1.03,1.03
268439979,genus,genus,1,0,3,2,1,2,1,species,genus,True,genus,improving,True,owner,False,False,True,0.0,75.23,0.0,,75.23
268513810,species,species,3,0,3,3,0,1,2,genus,genus,False,species,improving,False,external,True,False,False,0.0,6751.27,6751.27,6751.27,6751.27
268549308,none,,1,0,1,1,0,1,0,species,species,False,,,,owner,True,False,False,0.0,,0.0,,
268630035,species,species,3,1,2,2,0,1,1,species,species,False,species,supporting,False,owner,True,False,False,0.0,4.73,0.0,4.73,4.73
268697523,species,species,1,0,3,3,0,1,2,genus,genus,False,species,improving,False,external,True,False,False,0.0,0.13,0.13,0.13,0.13
268703560,none,,2,0,1,1,0,1,0,genus,genus,False,,,,,,False,False,0.0,,,,
268761534,species,species,2,0,2,2,0,1,1,species,species,False,species,supporting,False,owner,True,False,False,0.0,0.29,0.0,0.29,0.29
268991533,species,species,3,0,3,3,0,1,2,species,species,False,species,supporting,False,owner,True,False,False,0.0,1.24,0.0,1.24,1.24
268997088,genus,genus,1,0,4,3,1,2,2,species,genus,True,genus,improving,True,owner,False,False,True,0.0,11.19,0.0,,11.19
269078203,species,species,1,1,3,2,1,2,1,species,species,False,species,improving,True,owner,False,True,True,0.0,7.44,0.0,7.44,7.44
269318319,species,species,1,0,3,3,0,1,2,species,species,False,species,supporting,False,owner,True,False,False,0.0,0.26,0.0,0.26,0.26
269425258,none,,1,0,1,1,0,1,0,species,species,False,,,,owner,True,False,False,0.0,,0.0,,
269436894,species,species,1,0,2,2,0,1,1,species,species,False,species,supporting,False,owner,True,False,False,0.0,3.2,0.0,3.2,3.2
269470733,species,species,4,0,2,2,0,1,1,species,species,False,species,supporting,False,owner,True,False,False,0.0,0.6,0.0,0.6,0.6
269583701,species,species,2,0,2,2,0,1,1,species,species,False,species,supporting,False,owner,True,False,False,0.0,85.17,0.0,85.17,85.17
269646915,genus,genus,1,0,2,2,0,1,1,species,species,False,genus,improving,True,owner,True,False,True,0.0,3291.02,0.0,,3291.02
269815314,species,species,1,0,2,2,0,1,1,species,species,False,species,supporting,False,owner,True,False,False,0.0,1.23,0.0,1.23,1.23
270051334,species,species,1,0,2,2,0,1,1,species,species,False,species,supporting,False,owner,True,False,False,0.0,7.65,0.0,7.65,7.65
270138344,species,species,1,0,2,2,0,1,1,species,species,False,species,supporting,False,owner,True,False,False,0.0,0.01,0.0,0.01,0.01
270170932,genus,genus,2,0,3,3,0,1,2,family,family,False,genus,improving,False,,,False,False,0.0,607.2,,,607.2
270209310,none,,1,0,1,1,0,1,0,genus,genus,False,,,,,,False,False,2833.45,,,,
270250738,none,,2,0,1,1,0,1,0,species,species,False,,,,owner,True,False,False,0.0,,0.0,,
270273125,species,species,1,0,5,4,1,1,4,genus,genus,False,genus,supporting,False,external,True,False,False,0.0,0.37,0.37,0.37,0.37
270471914,species,species,3,0,3,2,1,2,1,species,species,False,species,improving,True,owner,False,True,True,0.0,11.74,0.0,11.74,11.74
270491929,species,species,3,1,3,2,1,2,1,genus,species,True,species,supporting,False,owner,True,False,False,0.0,2.11,0.1,2.11,2.11
270512811,other,tribe,1,0,2,2,0,1,1,tribe,tribe,False,genus,leading,False,,,False,False,0.0,0.07,,,0.07
270702443,species,species,1,0,2,2,0,1,1,species,species,False,species,supporting,False,owner,True,False,False,0.0,0.59,0.0,0.59,0.59
270924358,species,species,2,0,2,2,0,1,1,species,species,False,species,supporting,False,owner,True,False,False,0.0,9561.79,0.0,9561.79,9561.79
271099846,species,species,1,0,2,2,0,1,1,species,species,False,species,supporting,False,owner,True,False,False,0.0,101.53,0.0,101.53,101.53
271444756,none,,5,0,1,1,0,1,0,species,species,False,,,,owner,True,False,False,0.0,,0.0,,
271551404,species,species,1,1,4,3,1,2,2,genus,species,True,species,improving,False,external,True,False,False,0.0,98.72,98.72,98.72,98.72
271559312,none,,3,1,1,1,0,1,0,species,species,False,,,,owner,True,False,False,0.0,,0.0,,
271569547,species,species,1,0,3,3,0,1,2,genus,genus,False,species,improving,False,external,True,False,False,0.0,5278.87,5278.87,5278.87,5278.87
271668984,species,species,2,0,2,2,0,1,1,species,species,False,species,supporting,False,owner,True,False,False,0.0,4776.32,0.0,4776.32,4776.32
271794188,species,species,2,1,3,3,0,1,2,species,species,False,species,supporting,False,owner,True,False,False,0.0,1.36,0.0,1.36,1.36
271891247,species,species,1,0,2,2,0,1,1,species,species,False,species,supporting,False,owner,True,False,False,0.0,0.26,0.0,0.26,0.26
272011885,none,,2,0,1,1,0,1,0,genus,genus,False,,,,,,False,False,0.0,,,,
272079774,genus,genus,3,0,3,3,0,1,2,tribe,tribe,False,genus,improving,False,external,True,False,False,0.0,487.89,11536.05,11536.05,487.89
272092983,species,species,2,0,3,2,1,2,1,family,species,True,species,improving,False,external,True,False,False,0.0,605.01,605.01,605.01,605.01
272170459,species,species,4,0,2,2,0,1,1,species,species,False,species,supporting,False,owner,True,False,False,0.0,475.62,0.0,475.62,475.62
272436293,species,species,1,0,2,2,0,1,1,species,species,False,species,supporting,False,owner,True,False,False,0.0,1.06,0.0,1.06,1.06
272645098,other,tribe,1,0,4,3,1,0,4,,,False,order,improving,,,,False,True,,1792.48,,,
272820365,species,species,1,0,2,2,0,1,1,species,species,False,species,supporting,False,owner,True,False,False,0.0,0.21,0.0,0.21,0.21
272844652,species,species,2,0,2,2,0,1,1,species,species,False,species,supporting,False,owner,True,False,False,0.0,0.63,0.0,0.63,0.63
273174158,species,species,2,0,2,2,0,1,1,species,species,False,species,supporting,False,owner,True,False,False,0.0,6308.67,0.0,6308.67,6308.67
273221394,species,species,6,0,2,2,0,1,1,species,species,False,species,supporting,False,owner,True,False,False,0.0,0.91,0.0,0.91,0.91
273238378,none,,4,0,1,1,0,1,0,species,species,False,,,,owner,True,False,False,0.0,,0.0,,
273324331,none,,4,0,1,1,0,0,1,,,False,subfamily,leading,,,,False,False,,1313.57,,,
273587974,none,,2,0,1,1,0,1,0,species,species,False,,,,owner,True,False,False,0.0,,0.0,,
273802438,none,,1,0,1,1,0,0,1,,,False,family,leading,,,,False,False,,1.0,,,
273811017,none,,4,0,1,1,0,1,0,species,species,False,,,,owner,True,False,False,0.0,,0.0,,
273923562,none,,1,0,1,1,0,1,0,genus,genus,False,,,,,,False,False,0.0,,,,
273977038,species,species,1,0,2,2,0,1,1,species,species,False,species,supporting,False,owner,True,False,False,0.0,4.14,0.0,4.14,4.14
274060998,species,species,1,0,2,2,0,1,1,species,species,False,species,supporting,False,owner,True,False,False,0.0,0.53,0.0,0.53,0.53
274113441,species,species,1,0,2,2,0,1,1,species,species,False,species,supporting,False,owner,True,False,False,0.0,0.98,0.0,0.98,0.98
274167599,species,species,1,0,2,2,0,1,1,species,species,False,species,supporting,False,owner,True,False,False,0.02,2.93,0.02,2.93,2.91
274426002,species,species,1,0,2,2,0,1,1,species,species,False,species,supporting,False,owner,True,False,False,0.0,0.67,0.0,0.67,0.67
274491442,genus,genus,1,0,3,3,0,1,2,tribe,tribe,False,genus,improving,False,,,False,False,0.0,6683.93,,,6683.93
274729878,species,species,1,0,3,3,0,1,2,genus,genus,False,species,improving,False,external,True,False,False,0.0,5.36,5.36,5.36,5.36
274784638,other,tribe,1,1,2,2,0,1,1,tribe,tribe,False,tribe,supporting,False,,,False,False,0.0,154.28,,,154.28
274802538,species,species,2,0,3,2,1,2,1,species,species,False,species,improving,True,owner,False,True,True,0.0,1.41,0.0,1.41,1.41
274833755,species,species,1,0,2,2,0,1,1,species,species,False,species,supporting,False,owner,True,False,False,0.0,0.79,0.0,0.79,0.79
274843237,none,,1,0,1,1,0,1,0,species,species,False,,,,owner,True,False,False,0.0,,0.0,,
274858828,species,species,2,0,3,3,0,1,2,genus,genus,False,species,improving,False,external,True,False,False,0.0,0.36,0.36,0.36,0.36
274871083,none,,1,0,1,1,0,0,1,,,False,subfamily,leading,,,,False,False,,2677.73,,,
274934289,genus,genus,2,0,2,2,0,1,1,genus,genus,False,species,leading,False,external,True,False,False,0.0,174.7,174.7,174.7,174.7
275004172,none,,1,0,1,1,0,1,0,species,species,False,,,,owner,True,False,False,0.0,,0.0,,
275028836,species,species,2,0,2,2,0,1,1,species,species,False,species,supporting,False,owner,True,False,False,0.0,8609.13,0.0,8609.13,8609.13
275171881,species,species,1,1,2,2,0,1,1,species,species,False,species,supporting,False,owner,True,False,False,0.0,0.08,0.0,0.08,0.08
275387093,species,species,1,0,2,2,0,1,1,species,species,False,species,supporting,False,owner,True,False,False,0.0,0.46,0.0,0.46,0.46
275387926,genus,genus,1,0,2,2,0,1,1,species,species,False,genus,improving,True,owner,True,False,True,0.0,5814.59,0.0,,5814.59
275554975,none,,3,0,1,1,0,1,0,genus,genus,False,,,,,,False,False,0.0,,,,
275619123,species,species,3,0,3,2,1,2,1,genus,species,True,species,supporting,False,owner,True,False,False,0.0,56.58,2.22,56.58,56.58
275917553,none,,1,0,1,1,0,1,0,species,species,False,,,,owner,True,False,False,0.0,,0.0,,
276325895,none,,1,0,1,1,0,1,0,subfamily,subfamily,False,,,,,,False,False,0.0,,,,
276508818,none,,3,0,1,1,0,1,0,family,family,False,,,,,,False,False,0.0,,,,
276517834,species,species,3,0,3,2,1,2,1,genus,species,True,species,improving,False,external,True,False,False,0.0,3559.06,3559.06,3559.06,3559.06
276790372,species,species,1,0,2,2,0,1,1,species,species,False,species,supporting,False,owner,True,False,False,0.0,0.38,0.0,0.38,0.38
276982400,species,species,1,0,3,3,0,1,2,species,species,False,species,supporting,False,owner,True,False,False,0.0,5719.57,0.0,5719.57,5719.57
277044773,species,species,1,0,3,3,0,1,2,species,species,False,species,supporting,False,owner,True,False,False,0.0,0.34,0.0,0.34,0.34
277541867,species,species,1,0,2,2,0,1,1,species,species,False,species,supporting,False,owner,True,False,False,0.0,0.13,0.0,0.13,0.13
277713513,species,species,1,0,2,2,0,1,1,species,species,False,species,supporting,False,owner,True,False,False,0.0,1275.15,0.0,1275.15,1275.15
277723724,species,species,1,0,3,2,1,2,1,genus,species,True,species,improving,False,external,True,False,False,0.0,19.66,19.66,19.66,19.66
277733002,species,species,4,0,3,3,0,1,2,species,species,False,species,supporting,False,owner,True,False,False,0.0,537.2,0.0,537.2,537.2
277857917,other,tribe,2,0,2,2,0,1,1,tribe,tribe,False,tribe,supporting,False,,,False,False,0.0,165.81,,,165.81
277934180,none,,1,0,1,1,0,1,0,genus,genus,False,,,,,,False,False,0.0,,,,
277978971,species,species,2,0,2,2,0,1,1,species,species,False,species,supporting,False,owner,True,False,False,0.0,0.25,0.0,0.25,0.25
277995621,genus,genus,3,0,3,3,0,1,2,family,family,False,genus,improving,False,,,False,False,0.0,1.51,,,1.51
278114659,species,species,1,0,2,2,0,1,1,species,species,False,species,supporting,False,owner,True,False,False,0.0,4599.15,0.0,4599.15,4599.15
278174635,species,species,1,0,3,3,0,1,2,subtribe,subtribe,False,species,improving,False,external,True,False,False,0.0,3445.92,3445.92,3445.92,3445.92
278230297,species,species,1,0,2,2,0,1,1,species,species,False,species,supporting,False,owner,True,False,False,0.0,5.86,0.0,5.86,5.86
278533583,species,species,2,0,3,2,1,2,1,genus,species,True,species,improving,False,external,True,False,False,0.0,69.39,69.39,69.39,69.39
278584861,species,species,2,0,3,3,0,1,2,species,species,False,species,supporting,False,owner,True,False,False,0.0,6.57,0.0,6.57,6.57
278703254,species,species,2,0,2,2,0,1,1,species,species,False,species,supporting,False,owner,True,False,False,0.0,2936.83,0.0,2936.83,2936.83
278706967,other,subfamily,3,0,2,2,0,1,1,subfamily,subfamily,False,genus,leading,False,,,False,False,0.0,1252.57,,,1252.57
279044480,species,species,1,0,3,3,0,1,2,genus,genus,False,species,improving,False,external,True,False,False,0.0,1.5,1.5,1.5,1.5
279180862,species,species,1,1,3,3,0,1,2,genus,genus,False,species,improving,False,external,True,False,False,0.0,0.62,0.62,0.62,0.62
279241814,none,,1,1,1,1,0,1,0,subfamily,subfamily,False,,,,,,False,False,0.0,,,,
279254323,other,tribe,2,0,2,2,0,1,1,species,species,False,genus,leading,True,owner,True,False,True,0.0,1.17,0.0,,1.17
279438422,genus,genus,3,0,2,2,0,1,1,species,species,False,genus,improving,True,owner,True,False,True,0.0,3632.99,0.0,,3632.99
279440446,none,,1,0,1,1,0,1,0,species,species,False,,,,owner,True,False,False,0.0,,0.0,,
279700217,genus,genus,2,0,2,2,0,1,1,species,species,False,genus,improving,True,owner,True,False,True,0.0,5588.45,0.0,,5588.45
279704169,other,tribe,1,0,2,2,0,1,1,species,species,False,species,leading,True,owner,True,False,True,0.0,1892.94,0.0,1892.94,1892.94
279752766,species,species,1,0,2,2,0,1,1,species,species,False,species,supporting,False,owner,True,False,False,0.0,0.33,0.0,0.33,0.33
279784469,genus,genus,1,0,2,2,0,1,1,genus,genus,False,genus,supporting,False,,,False,False,0.0,6516.65,,,6516.65
279800453,species,species,2,0,2,2,0,1,1,species,species,False,species,supporting,False,owner,True,False,False,0.0,10987.98,0.0,10987.98,10987.98
279816961,species,species,1,0,2,2,0,1,1,species,species,False,species,supporting,False,owner,True,False,False,0.0,10.2,0.0,10.2,10.2
279909124,species,species,1,0,2,2,0,1,1,species,species,False,species,supporting,False,owner,True,False,False,0.0,5769.26,0.0,5769.26,5769.26
280031638,species,species,2,0,3,3,0,1,2,genus,genus,False,species,improving,False,external,True,False,False,0.0,0.39,0.39,0.39,0.39
280054489,species,species,1,0,2,2,0,1,1,species,species,False,species,supporting,False,owner,True,False,False,0.0,6119.98,0.0,6119.98,6119.98
280346947,other,tribe,1,0,3,2,1,1,2,genus,genus,False,genus,leading,False,,,False,True,0.0,5852.21,,,5852.21
280401882,species,species,1,0,4,3,1,2,2,species,species,False,species,improving,True,owner,False,True,True,0.0,1.08,0.0,1.08,1.08
280411484,genus,genus,3,0,3,3,0,1,2,species,species,False,genus,improving,True,owner,True,False,True,0.0,28.02,0.0,,28.02
280636911,none,,1,1,1,1,0,1,0,genus,genus,False,,,,,,False,False,0.0,,,,
280767739,genus,genus,1,1,2,2,0,1,1,species,species,False,genus,improving,True,owner,True,False,True,0.0,17.1,0.0,,17.1
280786024,species,species,3,0,3,3,0,1,2,species,species,False,species,supporting,False,owner,True,False,False,0.0,1.03,0.0,1.03,1.03
280850886,genus,genus,1,0,3,3,0,1,2,genus,genus,False,genus,supporting,False,,,False,False,0.0,0.11,,,0.11
280970267,species,species,1,0,3,3,0,1,2,genus,genus,False,species,improving,False,external,True,False,False,0.0,3.76,3.76,3.76,3.76
281011525,genus,genus,1,2,4,4,0,1,3,subfamily,subfamily,False,genus,improving,False,,,False,False,0.0,1.22,,,1.22
281092599,species,species,2,1,2,2,0,1,1,species,species,False,species,supporting,False,owner,True,False,False,0.0,6.08,0.0,6.08,6.08
281146463,none,,3,0,1,1,0,1,0,tribe,tribe,False,,,,,,False,False,0.0,,,,
281714145,species,species,1,0,3,3,0,0,3,,,False,genus,improving,,external,True,False,False,,3819.04,3821.43,3821.43,
281831780,none,,1,0,1,1,0,1,0,subfamily,subfamily,False,,,,,,False,False,0.0,,,,
281857051,species,species,1,0,4,3,1,2,2,genus,species,True,species,improving,False,external,True,False,False,0.0,4.61,4.61,4.61,4.61
282075891,species,species,1,0,2,2,0,1,1,species,species,False,species,supporting,False,owner,True,False,False,0.0,70.22,0.0,70.22,70.22
282283796,genus,genus,1,0,4,3,1,2,2,genus,genus,False,genus,improving,True,,,True,True,0.0,0.82,,,0.82
282327887,species,species,1,0,2,2,0,1,1,species,species,False,species,supporting,False,owner,True,False,False,0.0,2.65,0.0,2.65,2.65
282338451,species,species,1,0,3,2,1,2,1,genus,species,True,species,improving,False,external,True,False,False,0.0,4.43,4.43,4.43,4.43
282439360,species,species,1,0,2,2,0,1,1,species,species,False,species,supporting,False,owner,True,False,False,0.0,0.03,0.0,0.03,0.03
282635915,species,species,1,0,2,2,0,1,1,species,species,False,species,supporting,False,owner,True,False,False,0.0,2.94,0.0,2.94,2.94
282735325,none,,2,0,1,1,0,1,0,genus,genus,False,,,,,,False,False,0.0,,,,
282750737,genus,genus,1,0,3,2,1,2,1,species,genus,True,genus,improving,True,owner,False,True,True,0.0,5.3,0.0,,5.3
282772191,species,species,1,0,2,2,0,1,1,species,species,False,species,supporting,False,owner,True,False,False,0.0,3.29,0.0,3.29,3.29
282793316,species,species,3,2,2,2,0,1,1,species,species,False,species,supporting,False,owner,True,False,False,0.0,0.07,0.0,0.07,0.07
282852420,species,species,2,0,2,2,0,1,1,species,species,False,species,supporting,False,owner,True,False,False,0.0,24.96,0.0,24.96,24.96
282916796,species,species,1,0,2,2,0,1,1,species,species,False,species,supporting,False,owner,True,False,False,0.0,0.06,0.0,0.06,0.06
282919677,none,,1,0,1,1,0,1,0,genus,genus,False,,,,,,False,False,0.0,,,,
283010736,species,species,2,0,2,2,0,1,1,species,species,False,species,supporting,False,owner,True,False,False,0.88,3.41,0.88,3.41,2.53
283226272,genus,genus,1,0,3,3,0,1,2,family,family,False,genus,improving,False,,,False,False,0.0,11.06,,,11.06
283275770,genus,genus,3,0,2,2,0,1,1,genus,genus,False,species,leading,False,external,True,False,False,0.0,0.51,0.51,0.51,0.51
283377736,species,species,1,0,3,3,0,1,2,genus,genus,False,species,improving,False,external,True,False,False,0.0,4628.26,4628.26,4628.26,4628.26
283383405,none,,1,0,1,1,0,1,0,tribe,tribe,False,,,,,,False,False,5.94,,,,
283409340,none,,1,0,1,1,0,1,0,genus,genus,False,,,,,,False,False,0.0,,,,
283424238,species,species,1,0,3,2,1,1,2,species,species,False,species,supporting,False,owner,True,False,False,0.0,1.26,0.0,1.26,1.26
283444811,species,species,1,0,3,2,1,2,1,species,species,False,species,improving,True,owner,False,True,True,0.0,13.01,0.0,13.01,13.01
283690028,species,species,2,0,2,2,0,1,1,species,species,False,species,supporting,False,owner,True,False,False,0.0,2.38,0.0,2.38,2.38
283845245,species,species,2,2,2,2,0,1,1,species,species,False,species,supporting,False,owner,True,False,False,0.0,3413.94,0.0,3413.94,3413.94
283996318,other,class,1,0,2,2,0,1,1,class,class,False,subfamily,leading,False,,,False,False,0.0,16.25,,,16.25
284155040,species,species,1,1,2,2,0,1,1,species,species,False,species,supporting,False,owner,True,False,False,0.0,0.16,0.0,0.16,0.16
284341244,genus,genus,2,0,2,2,0,1,1,genus,genus,False,species,leading,False,external,True,False,False,0.0,0.03,0.03,0.03,0.03
284343688,genus,genus,1,1,2,2,0,1,1,genus,genus,False,genus,supporting,False,,,False,False,0.0,5655.57,,,5655.57
284501321,genus,genus,2,0,3,2,1,2,1,subtribe,genus,True,genus,improving,False,,,False,False,0.0,0.51,,,0.51
284773792,species,species,5,0,3,2,1,2,1,species,species,False,species,improving,True,owner,False,True,True,0.0,5622.94,0.0,5622.94,5622.94
284774913,genus,genus,2,0,4,4,0,1,3,genus,genus,False,subfamily,improving,,,,False,False,264.89,42.79,,,-222.11
284912497,species,species,3,0,2,2,0,1,1,species,species,False,species,supporting,False,owner,True,False,False,0.0,566.55,0.0,566.55,566.55
285239032,species,species,3,1,2,2,0,1,1,species,species,False,species,supporting,False,owner,True,False,False,0.0,240.45,0.0,240.45,240.45
285313388,other,subfamily,3,0,3,2,1,2,1,family,subfamily,True,subfamily,improving,False,,,False,False,0.0,76.17,,,76.17
285550810,species,species,3,0,3,3,0,1,2,genus,genus,False,species,improving,False,external,True,False,False,0.0,147.73,147.73,147.73,147.73
285578939,none,,1,1,1,1,0,1,0,family,family,False,,,,,,False,False,0.0,,,,
285642403,species,species,1,0,3,3,0,1,2,species,species,False,species,supporting,False,owner,True,False,False,0.0,2.38,0.0,2.38,2.38
285692490,species,species,1,0,2,2,0,1,1,species,species,False,species,supporting,False,owner,True,False,False,0.0,0.38,0.0,0.38,0.38
285740129,species,species,1,0,2,2,0,1,1,species,species,False,species,supporting,False,owner,True,False,False,0.0,2.42,0.0,2.42,2.42
285756633,other,tribe,1,0,3,3,0,0,3,,,False,family,improving,,,,False,False,,12.79,,,
285972390,species,species,1,0,2,2,0,1,1,species,species,False,species,supporting,False,owner,True,False,False,0.0,0.18,0.0,0.18,0.18
285972768,species,species,1,0,3,3,0,1,2,genus,genus,False,species,improving,False,external,True,False,False,0.0,3.15,3.15,3.15,3.15
286022617,none,,5,0,1,1,0,1,0,species,species,False,,,,owner,True,False,False,0.0,,0.0,,
286233960,species,species,1,0,2,2,0,1,1,species,species,False,species,supporting,False,owner,True,False,False,0.0,0.03,0.0,0.03,0.03
286285555,species,species,1,0,2,2,0,1,1,species,species,False,species,supporting,False,owner,True,False,False,0.0,13.34,0.0,13.34,13.34
286313759,genus,genus,1,0,2,2,0,1,1,genus,genus,False,species,leading,False,external,True,False,False,0.0,8394.62,8394.62,8394.62,8394.62
286593165,genus,genus,2,1,3,3,0,1,2,tribe,tribe,False,genus,improving,False,,,False,False,0.0,23.31,,,23.31
286735086,species,species,3,0,2,2,0,1,1,species,species,False,species,supporting,False,owner,True,False,False,0.0,8.34,0.0,8.34,8.34
286761952,species,species,1,0,2,2,0,1,1,species,species,False,species,supporting,False,owner,True,False,False,0.0,5089.68,0.0,5089.68,5089.68
286770200,other,class,1,0,2,2,0,0,2,,,False,class,improving,,,,False,False,,0.02,,,
286850683,species,species,1,0,2,2,0,1,1,species,species,False,species,supporting,False,owner,True,False,False,0.0,1.09,0.0,1.09,1.09
287010415,none,,3,0,1,1,0,1,0,species,species,False,,,,owner,True,False,False,6.88,,6.88,,
287043841,none,,2,0,1,1,0,1,0,genus,genus,False,,,,,,False,False,0.0,,,,
287405423,species,species,1,0,3,3,0,1,2,genus,genus,False,species,improving,False,external,True,False,False,0.0,25.86,25.86,25.86,25.86
287532012,species,species,1,0,2,2,0,1,1,species,species,False,species,supporting,False,owner,True,False,False,0.0,7.54,0.0,7.54,7.54
287548706,genus,genus,2,0,3,3,0,1,2,species,species,False,genus,improving,True,owner,True,False,True,0.0,5.83,0.0,,5.83
287822483,none,,2,0,1,1,0,1,0,species,species,False,,,,owner,True,False,False,0.0,,0.0,,
287869205,genus,genus,1,0,2,2,0,1,1,genus,genus,False,genus,supporting,False,,,False,False,0.0,462.96,,,462.96
287884096,species,species,1,0,2,2,0,1,1,species,species,False,species,supporting,False,owner,True,False,False,20.27,21.2,20.27,21.2,0.93
287906291,none,,1,0,1,1,0,1,0,species,species,False,,,,owner,True,False,False,0.0,,0.0,,
288011623,species,species,1,0,3,3,0,1,2,genus,genus,False,species,improving,False,external,True,False,False,0.0,0.75,0.75,0.75,0.75
288022063,other,complex,1,1,3,3,0,1,2,tribe,tribe,False,complex,improving,False,,,False,False,0.0,0.57,,,0.57
288211694,species,species,1,0,3,3,0,1,2,family,family,False,species,improving,False,external,True,False,False,0.0,0.88,0.88,0.88,0.88
288234453,species,species,1,0,3,3,0,1,2,family,family,False,species,improving,False,external,True,False,False,0.0,5301.76,5301.76,5301.76,5301.76
288429637,species,species,1,0,2,2,0,1,1,species,species,False,species,supporting,False,owner,True,False,False,0.0,2.6,0.0,2.6,2.6
288472814,species,species,2,1,2,2,0,1,1,species,species,False,species,supporting,False,owner,True,False,False,0.0,1007.08,0.0,1007.08,1007.08
288473417,species,species,1,0,3,3,0,1,2,genus,genus,False,species,improving,False,external,True,False,False,0.0,15.9,15.9,15.9,15.9
288722171,genus,genus,1,0,3,2,1,2,1,species,genus,True,genus,improving,True,owner,False,False,True,0.0,5374.87,0.0,,5374.87
288885839,species,species,1,0,3,3,0,1,2,genus,genus,False,species,improving,False,external,True,False,False,0.0,0.38,0.38,0.38,0.38
289010143,other,family,4,0,3,3,0,1,2,class,class,False,family,improving,False,,,False,False,0.0,3.3,,,3.3
289040261,species,species,1,0,2,2,0,1,1,species,species,False,species,supporting,False,owner,True,False,False,0.0,0.09,0.0,0.09,0.09
289080703,species,species,4,0,2,2,0,1,1,species,species,False,species,supporting,False,owner,True,False,False,0.0,1.09,0.0,1.09,1.09
289102883,none,,1,0,1,1,0,1,0,species,species,False,,,,owner,True,False,False,0.0,,0.0,,
289114147,species,species,1,0,3,3,0,1,2,genus,genus,False,species,improving,False,external,True,False,False,0.0,0.76,0.76,0.76,0.76
289278414,none,,2,0,1,1,0,1,0,tribe,tribe,False,,,,,,False,False,0.0,,,,
289293382,species,species,1,0,2,2,0,1,1,species,species,False,species,supporting,False,owner,True,False,False,0.0,0.41,0.0,0.41,0.41
289392853,species,species,1,0,2,2,0,1,1,species,species,False,species,supporting,False,owner,True,False,False,0.0,6.33,0.0,6.33,6.33
289446256,genus,genus,4,0,4,3,1,2,2,family,genus,True,genus,improving,False,,,False,False,0.0,0.48,,,0.48
289512611,species,species,2,1,2,2,0,1,1,species,species,False,species,supporting,False,owner,True,False,False,0.0,5.19,0.0,5.19,5.19
289588552,species,species,2,0,3,2,1,2,1,species,species,False,species,improving,True,owner,False,True,True,0.0,2.77,0.0,2.77,2.77
289646585,species,species,1,0,3,3,0,1,2,species,species,False,species,supporting,False,owner,True,False,False,0.0,0.41,0.0,0.41,0.41
289817289,species,species,1,1,4,3,1,2,2,family,species,True,species,improving,False,external,True,False,False,0.0,19.33,19.33,19.33,19.33
289928800,species,species,1,0,2,2,0,1,1,species,species,False,species,supporting,False,owner,True,False,False,0.0,0.12,0.0,0.12,0.12
289935760,none,,1,0,1,1,0,1,0,genus,genus,False,,,,,,False,False,0.0,,,,
289949908,species,species,1,1,3,2,1,2,1,species,species,False,species,supporting,False,owner,False,True,False,0.0,1.23,0.0,1.23,1.23
290096366,species,species,1,0,2,2,0,1,1,species,species,False,species,supporting,False,owner,True,False,False,0.0,4.98,0.0,4.98,4.98
290102522,genus,genus,1,0,3,3,0,1,2,species,species,False,genus,improving,True,owner,True,False,True,0.0,334.1,0.0,,334.1
290206617,other,order,3,0,3,3,0,0,3,,,False,class,improving,,external,True,False,False,,2.2,6512.47,6512.47,
290514049,species,species,2,0,2,2,0,1,1,species,species,False,species,supporting,False,owner,True,False,False,0.0,12.4,0.0,12.4,12.4
290617655,none,,2,0,1,1,0,1,0,species,species,False,,,,owner,True,False,False,0.0,,0.0,,
290671037,species,species,1,0,2,2,0,1,1,species,species,False,species,supporting,False,owner,True,False,False,0.0,10.81,0.0,10.81,10.81
290793265,species,species,3,0,3,2,1,2,1,genus,species,True,species,improving,False,external,True,False,False,0.0,2.62,2.62,2.62,2.62
290869846,species,species,1,0,2,2,0,1,1,species,species,False,species,supporting,False,owner,True,False,False,0.0,0.25,0.0,0.25,0.25
290871721,species,species,1,0,2,2,0,1,1,species,species,False,species,supporting,False,owner,True,False,False,0.0,0.85,0.0,0.85,0.85
291257627,none,,2,0,1,1,0,1,0,subfamily,subfamily,False,,,,,,False,False,0.0,,,,
291314580,species,species,6,0,3,3,0,1,2,tribe,tribe,False,species,improving,False,external,True,False,False,0.0,22.07,22.07,22.07,22.07
291437224,none,,1,0,1,1,0,1,0,tribe,tribe,False,,,,,,False,False,0.0,,,,
291465387,none,,1,0,1,1,0,1,0,genus,genus,False,,,,,,False,False,0.0,,,,
291480994,species,species,1,0,2,2,0,1,1,species,species,False,species,supporting,False,owner,True,False,False,0.0,0.62,0.0,0.62,0.62
291488890,none,,1,0,1,1,0,1,0,genus,genus,False,,,,,,False,False,0.0,,,,
291614493,other,complex,1,1,5,4,1,2,3,genus,complex,True,complex,improving,True,,,True,True,0.0,4.71,,,4.71
291763616,genus,genus,1,0,2,2,0,1,1,species,species,False,species,leading,True,owner,True,False,True,0.0,7110.94,0.0,7110.94,7110.94
291890451,species,species,2,0,2,2,0,1,1,species,species,False,species,supporting,False,owner,True,False,False,0.0,0.31,0.0,0.31,0.31
292217468,species,species,2,1,3,3,0,1,2,species,species,False,species,supporting,False,owner,True,False,False,0.0,0.64,0.0,0.64,0.64
292343228,species,species,3,0,2,2,0,1,1,species,species,False,species,supporting,False,owner,True,False,False,0.0,1.93,0.0,1.93,1.93
292379768,species,species,1,0,3,3,0,1,2,genus,genus,False,species,improving,False,external,True,False,False,0.0,3.29,3.29,3.29,3.29
292441620,other,tribe,1,0,2,2,0,1,1,species,species,False,tribe,improving,False,owner,True,False,False,0.0,974.4,0.0,,974.4
292577988,species,species,1,0,2,2,0,1,1,species,species,False,species,supporting,False,owner,True,False,False,0.0,0.06,0.0,0.06,0.06
292706408,species,species,1,0,2,2,0,1,1,species,species,False,form,leading,False,owner,True,False,False,0.01,12.77,0.01,,12.76
292760232,genus,genus,2,0,4,3,1,2,2,species,genus,True,genus,improving,True,owner,False,True,True,0.0,1.95,0.0,,1.95
292779302,genus,genus,1,0,3,2,1,2,1,species,genus,True,genus,improving,True,owner,False,True,True,0.01,1915.82,0.01,,1915.8
292780385,species,species,7,1,3,2,1,2,1,genus,species,True,species,improving,False,external,True,False,False,0.0,0.09,0.09,0.09,0.09
292801028,none,,1,0,1,1,0,1,0,genus,genus,False,,,,,,False,False,0.0,,,,
292932112,genus,genus,1,0,3,2,1,2,1,species,genus,True,genus,improving,True,owner,False,False,True,0.0,6741.14,0.0,,6741.14
292949965,genus,genus,2,0,2,2,0,1,1,genus,genus,False,genus,supporting,False,,,False,False,0.0,4146.02,,,4146.02
292992935,species,species,2,0,2,2,0,1,1,species,species,False,species,supporting,False,owner,True,False,False,0.0,4.48,0.0,4.48,4.48
293364261,species,species,6,0,2,2,0,1,1,species,species,False,species,supporting,False,owner,True,False,False,0.0,8.11,0.0,8.11,8.11
293421307,other,complex,3,0,3,2,1,2,1,family,complex,True,complex,improving,False,,,False,False,0.0,12.96,,,12.96
293552064,species,species,4,0,4,4,0,1,3,family,family,False,genus,improving,False,external,True,False,False,0.0,8.64,2322.72,2322.72,8.64
293688489,other,subtribe,1,0,4,4,0,1,3,subclass,subclass,False,family,improving,False,external,True,False,False,0.0,4954.2,7812.37,7812.37,4954.2
293907587,genus,genus,1,0,2,2,0,1,1,species,species,False,genus,improving,True,owner,True,False,True,0.0,7348.16,0.0,,7348.16
294042732,species,species,2,0,2,2,0,1,1,species,species,False,species,supporting,False,owner,True,False,False,0.0,6.42,0.0,6.42,6.42
294100738,species,species,2,1,3,3,0,1,2,species,species,False,species,supporting,False,owner,True,False,False,0.0,14.65,0.0,14.65,14.65
